,emotion,variance,entropy
0,amusement,0.032231844608272824,9.161649296753552
1,awe,0.03357547901601207,9.819736543688869
2,contentment,0.040780952001712764,12.596807667498533
3,excitement,0.02934545941559636,7.266505067055241
4,anger,0.022944106027179834,5.799316116235037
5,disgust,0.036590214982932925,9.888307035916732
6,fear,0.038848620844130606,12.089517189496725
7,sadness,0.039338753796353626,13.547838453843498
8,something else,0.029346776484834906,5.605973982599796
